id,lastmod
Q57458,2022-09-13T02:47:26Z
Q311129,2022-11-28T11:57:20Z
Q515602,2022-12-02T12:31:51Z
Q855447,2022-10-10T14:43:02Z
Q919913,2021-09-11T00:05:50Z
Q1024670,2022-09-13T02:14:39Z
Q2827661,2022-10-10T14:47:59Z
Q3111209,2022-01-06T02:16:49Z
Q3318302,2021-11-04T19:54:14Z
Q3318507,2022-09-13T02:41:19Z
Q3318813,2022-09-13T02:53:30Z
Q3326242,2021-11-04T19:52:47Z
Q3331947,2022-09-13T02:49:41Z
Q5429564,2022-09-13T02:41:21Z
Q5679938,2022-09-13T03:02:03Z
Q12811186,2022-12-08T17:59:05Z
Q24930192,2022-10-16T10:48:29Z
Q28194816,2022-10-15T00:06:54Z
Q28222039,2022-09-13T02:36:56Z
Q28370112,2022-10-15T00:12:54Z
Q64009130,2022-09-13T02:47:06Z
Q89480130,2022-05-16T05:07:52Z
Q100364484,2022-10-10T13:38:17Z
Q104835826,2022-08-27T21:33:30Z
Q105816348,2021-05-27T04:45:50Z
Q105816388,2021-05-27T04:36:21Z
Q106088062,2022-08-25T06:33:40Z
Q106088088,2022-06-09T17:02:43Z
Q106088222,2022-09-13T02:11:27Z
Q106092242,2022-05-16T05:43:42Z
Q108344792,2021-08-31T15:34:37Z
Q108344794,2021-08-31T15:34:33Z
Q108344795,2021-08-31T15:34:29Z
Q108344797,2021-08-31T15:34:25Z
Q108344798,2021-08-31T15:34:22Z
Q108344800,2021-11-04T19:49:51Z
Q109399082,2021-11-04T20:00:44Z
Q113555299,2022-12-03T23:03:14Z
Q113953770,2022-11-10T06:44:33Z
Q113953771,2022-12-03T00:59:35Z
Q113953772,2022-10-10T07:37:37Z
Q113953780,2022-10-25T06:46:10Z
Q113953781,2022-10-12T07:32:16Z
Q113953782,2022-10-12T07:32:46Z
Q113953785,2022-09-13T02:47:58Z
Q113953786,2022-09-13T02:49:55Z
Q113953787,2022-09-13T02:49:55Z
Q113953791,2022-09-13T02:53:41Z
Q113953802,2022-10-10T09:44:16Z
Q114566891,2022-10-10T14:48:46Z
Q114566892,2022-10-10T14:49:01Z
Q114566893,2022-10-10T14:48:25Z
Q114566894,2022-10-10T14:48:39Z
Q114566895,2022-10-10T14:49:16Z
Q114566896,2022-10-10T14:49:09Z
Q114566897,2022-10-10T14:50:06Z
Q114566898,2022-10-10T14:48:52Z
Q114566899,2022-10-10T14:50:14Z
Q114566900,2022-10-10T14:42:02Z
Q114566901,2022-10-10T14:48:31Z
Q114568395,2022-10-10T14:23:02Z
Q114568420,2022-10-10T14:27:32Z
Q114568452,2022-10-10T14:31:09Z
